{
  "Exc_3": [
    0.3449689421577814,
    0.20861570216409175,
    0.7177873462240932
  ],
  "Inh_10": [
    0.8417039713672331,
    0.08953983330632964,
    0.6681591248547478
  ],
  "Inh_9": [
    0.005413103006260966,
    0.1493889584591166,
    0.5415064245624313
  ],
  "Inh_8": [
    0.4551652101573399,
    0.2883976342447526,
    0.6539687648254846
  ],
  "Inh_13": [
    0.21071353427257444,
    0.5520139681200094,
    0.7328012274798766
  ],
  "Inh_6": [
    0.987043684194872,
    0.4765251456391374,
    0.30927410384127973
  ],
  "Inh_5": [
    0.20594950191828543,
    0.8437242486667758,
    0.8131563983971813
  ],
  "Inh_2": [
    0.30275002092012737,
    0.6908258675093177,
    0.06296350123548655
  ],
  "Exc_1": [
    0.8093585817394513,
    0.1641107912922395,
    0.16742598272883735
  ],
  "Exc_2": [
    0.10768892841445143,
    0.7601325906826206,
    0.17183710942594022
  ],
  "Inh_11": [
    0.6774640925754949,
    0.5191272141739881,
    0.41064998946672004
  ],
  "Inh_12": [
    0.8930924364963294,
    0.9144343587618304,
    0.8623825487109211
  ],
  "Inh_7": [
    0.3508107912470645,
    0.06696067271854333,
    0.47448448475143923
  ],
  "Inh_4": [
    0.10935089464422876,
    0.5627842744661763,
    0.19327301414031361
  ],
  "Inh_3": [
    0.7071283436099696,
    0.8100501204592472,
    0.06278588080780101
  ],
  "Exc_4": [
    0.3977199178960167,
    0.34709369466962814,
    0.6304946317422231
  ],
  "Inh_1": [
    0.9188018217473692,
    0.9891646624283679,
    0.5870333198887354
  ],
  "NaN": [
    0.940279407598031,
    0.4762741214173233,
    0.9767066498919218
  ]
}